dummy,n_species,min_species,species_order,training_data,testing_data,training_start,val_split,reconstruction_loss,depth,n_latent,beta,monitor,mode,learning_rate,batch_size,epochs,stride,n_bootstrap,n_tile,n_colors,fully_connected,testing,chunk_size,model_type,train_size,val_size,checkpoint_path,pix_err,patch_err
dummy,16,2,abundance,union_patches,union_patches,train_from_scratch,0.5,bce,32,16,1,val_loss,min,0.001,64,200,2,20,8,1,False,False,1,Training from scratch,249,249,/Users/johannes/work/resecarin/models/bce/val_loss/union_patches/train_from_scratch/n_species=16/depth=32/n_latent=16/val_split=0.50/2023-05-03_12-40-24/vae.ckpt,0.03372865915298462,0.30120481927710846
dummy,16,2,abundance,union_patches,union_patches,train_from_scratch,0.5,bce,32,16,1,val_loss,min,0.001,64,200,2,20,8,1,False,False,1,Training from scratch,249,249,/Users/johannes/work/resecarin/models/bce/val_loss/union_patches/train_from_scratch/n_species=16/depth=32/n_latent=16/val_split=0.50/2023-04-28_09-51-41/vae.ckpt,0.05766814947128296,0.46184738955823296
dummy,16,2,abundance,union_patches,union_patches,train_from_scratch,0.5,bce,32,16,1,val_loss,min,0.001,64,200,2,20,8,1,False,False,1,Training from scratch,249,249,/Users/johannes/work/resecarin/models/bce/val_loss/union_patches/train_from_scratch/n_species=16/depth=32/n_latent=16/val_split=0.50/2023-05-03_12-16-50/vae.ckpt,0.025476932525634766,0.26506024096385544
dummy,16,2,abundance,union_patches,union_patches,train_from_scratch,0.5,bce,32,16,1,val_loss,min,0.001,64,200,2,20,8,1,False,False,1,Training from scratch,249,249,/Users/johannes/work/resecarin/models/bce/val_loss/union_patches/train_from_scratch/n_species=16/depth=32/n_latent=16/val_split=0.50/2023-05-03_12-52-33/vae.ckpt,0.02968120574951172,0.24497991967871485
dummy,16,2,abundance,union_patches,union_patches,train_from_scratch,0.5,bce,32,16,1,val_loss,min,0.001,64,200,2,20,8,1,False,False,1,Training from scratch,249,249,/Users/johannes/work/resecarin/models/bce/val_loss/union_patches/train_from_scratch/n_species=16/depth=32/n_latent=16/val_split=0.50/2023-04-28_10-01-41/vae.ckpt,0.0339168906211853,0.2971887550200803
dummy,16,2,abundance,union_patches,union_patches,train_from_scratch,0.5,bce,32,16,1,val_loss,min,0.001,64,200,2,20,8,1,False,False,1,Training from scratch,249,249,/Users/johannes/work/resecarin/models/bce/val_loss/union_patches/train_from_scratch/n_species=16/depth=32/n_latent=16/val_split=0.50/2023-04-28_09-53-59/vae.ckpt,0.028645813465118408,0.23293172690763053
dummy,16,2,abundance,union_patches,union_patches,train_from_scratch,0.5,bce,32,16,1,val_loss,min,0.001,64,200,2,20,8,1,False,False,1,Training from scratch,249,249,/Users/johannes/work/resecarin/models/bce/val_loss/union_patches/train_from_scratch/n_species=16/depth=32/n_latent=16/val_split=0.50/2023-05-03_12-38-02/vae.ckpt,0.036364197731018066,0.2971887550200803
dummy,16,2,abundance,union_patches,union_patches,train_from_scratch,0.5,bce,32,16,1,val_loss,min,0.001,64,200,2,20,8,1,False,False,1,Training from scratch,249,249,/Users/johannes/work/resecarin/models/bce/val_loss/union_patches/train_from_scratch/n_species=16/depth=32/n_latent=16/val_split=0.50/2023-05-03_12-33-16/vae.ckpt,0.05308735370635986,0.4497991967871486
dummy,16,2,abundance,union_patches,union_patches,train_from_scratch,0.5,bce,32,16,1,val_loss,min,0.001,64,200,2,20,8,1,False,False,1,Training from scratch,249,249,/Users/johannes/work/resecarin/models/bce/val_loss/union_patches/train_from_scratch/n_species=16/depth=32/n_latent=16/val_split=0.50/2023-05-03_12-56-27/vae.ckpt,0.05870354175567627,0.4738955823293173
dummy,16,2,abundance,union_patches,union_patches,train_from_scratch,0.5,bce,32,16,1,val_loss,min,0.001,64,200,2,20,8,1,False,False,1,Training from scratch,249,249,/Users/johannes/work/resecarin/models/bce/val_loss/union_patches/train_from_scratch/n_species=16/depth=32/n_latent=16/val_split=0.50/2023-05-03_12-30-55/vae.ckpt,0.02422189712524414,0.24899598393574296
dummy,16,2,abundance,union_patches,union_patches,train_from_scratch,0.5,bce,32,16,1,val_loss,min,0.001,64,200,2,20,8,1,False,False,1,Training from scratch,249,249,/Users/johannes/work/resecarin/models/bce/val_loss/union_patches/train_from_scratch/n_species=16/depth=32/n_latent=16/val_split=0.50/2023-05-03_12-44-39/vae.ckpt,0.03451305627822876,0.30120481927710846
dummy,16,2,abundance,union_patches,union_patches,train_from_scratch,0.5,bce,32,16,1,val_loss,min,0.001,64,200,2,20,8,1,False,False,1,Training from scratch,249,249,/Users/johannes/work/resecarin/models/bce/val_loss/union_patches/train_from_scratch/n_species=16/depth=32/n_latent=16/val_split=0.50/2023-05-03_13-00-22/vae.ckpt,0.027830064296722412,0.28112449799196787
dummy,16,2,abundance,union_patches,union_patches,train_from_scratch,0.5,bce,32,16,1,val_loss,min,0.001,64,200,2,20,8,1,False,False,1,Training from scratch,249,249,/Users/johannes/work/resecarin/models/bce/val_loss/union_patches/train_from_scratch/n_species=16/depth=32/n_latent=16/val_split=0.50/2023-05-03_12-54-31/vae.ckpt,0.028614461421966553,0.30522088353413657
dummy,16,2,abundance,union_patches,union_patches,train_from_scratch,0.5,bce,32,16,1,val_loss,min,0.001,64,200,2,20,8,1,False,False,1,Training from scratch,249,249,/Users/johannes/work/resecarin/models/bce/val_loss/union_patches/train_from_scratch/n_species=16/depth=32/n_latent=16/val_split=0.50/2023-04-28_10-03-36/vae.ckpt,0.032222628593444824,0.2931726907630522
dummy,16,2,abundance,union_patches,union_patches,train_from_scratch,0.5,bce,32,16,1,val_loss,min,0.001,64,200,2,20,8,1,False,False,1,Training from scratch,249,249,/Users/johannes/work/resecarin/models/bce/val_loss/union_patches/train_from_scratch/n_species=16/depth=32/n_latent=16/val_split=0.50/2023-04-28_09-38-48/vae.ckpt,0.01509159803390503,0.15261044176706828
dummy,16,2,abundance,union_patches,union_patches,train_from_scratch,0.5,bce,32,16,1,val_loss,min,0.001,64,200,2,20,8,1,False,False,1,Training from scratch,249,249,/Users/johannes/work/resecarin/models/bce/val_loss/union_patches/train_from_scratch/n_species=16/depth=32/n_latent=16/val_split=0.50/2023-04-28_09-59-47/vae.ckpt,0.03178340196609497,0.27309236947791166
dummy,16,2,abundance,union_patches,union_patches,train_from_scratch,0.5,bce,32,16,1,val_loss,min,0.001,64,200,2,20,8,1,False,False,1,Training from scratch,249,249,/Users/johannes/work/resecarin/models/bce/val_loss/union_patches/train_from_scratch/n_species=16/depth=32/n_latent=16/val_split=0.50/2023-05-03_12-58-23/vae.ckpt,0.03125,0.2891566265060241
dummy,16,2,abundance,union_patches,union_patches,train_from_scratch,0.5,bce,32,16,1,val_loss,min,0.001,64,200,2,20,8,1,False,False,1,Training from scratch,249,249,/Users/johannes/work/resecarin/models/bce/val_loss/union_patches/train_from_scratch/n_species=16/depth=32/n_latent=16/val_split=0.50/2023-05-03_12-42-37/vae.ckpt,0.03554844856262207,0.2971887550200803
dummy,16,2,abundance,union_patches,union_patches,train_from_scratch,0.5,bce,32,16,1,val_loss,min,0.001,64,200,2,20,8,1,False,False,1,Training from scratch,249,249,/Users/johannes/work/resecarin/models/bce/val_loss/union_patches/train_from_scratch/n_species=16/depth=32/n_latent=16/val_split=0.50/2023-05-03_12-46-39/vae.ckpt,0.044835567474365234,0.36947791164658633
dummy,16,2,abundance,union_patches,union_patches,train_from_scratch,0.5,bce,32,16,1,val_loss,min,0.001,64,200,2,20,8,1,False,False,1,Training from scratch,249,249,/Users/johannes/work/resecarin/models/bce/val_loss/union_patches/train_from_scratch/n_species=16/depth=32/n_latent=16/val_split=0.50/2023-04-28_09-57-52/vae.ckpt,0.027171194553375244,0.27710843373493976
dummy,16,2,abundance,union_patches,union_patches,train_from_scratch,0.5,bce,32,16,1,val_loss,min,0.001,64,200,2,20,8,1,False,False,1,Training from scratch,249,249,/Users/johannes/work/resecarin/models/bce/val_loss/union_patches/train_from_scratch/n_species=16/depth=32/n_latent=16/val_split=0.50/2023-05-03_12-28-30/vae.ckpt,0.02729666233062744,0.24096385542168675
dummy,16,2,abundance,union_patches,union_patches,train_from_scratch,0.5,bce,32,16,1,val_loss,min,0.001,64,200,2,20,8,1,False,False,1,Training from scratch,249,249,/Users/johannes/work/resecarin/models/bce/val_loss/union_patches/train_from_scratch/n_species=16/depth=32/n_latent=16/val_split=0.50/2023-05-03_12-23-23/vae.ckpt,0.04878890514373779,0.3815261044176707
dummy,16,2,abundance,union_patches,union_patches,train_from_scratch,0.5,bce,32,16,1,val_loss,min,0.001,64,200,2,20,8,1,False,False,1,Training from scratch,249,249,/Users/johannes/work/resecarin/models/bce/val_loss/union_patches/train_from_scratch/n_species=16/depth=32/n_latent=16/val_split=0.50/2023-04-28_09-47-15/vae.ckpt,0.03081071376800537,0.3333333333333333
dummy,16,2,abundance,union_patches,union_patches,train_from_scratch,0.5,bce,32,16,1,val_loss,min,0.001,64,200,2,20,8,1,False,False,1,Training from scratch,249,249,/Users/johannes/work/resecarin/models/bce/val_loss/union_patches/train_from_scratch/n_species=16/depth=32/n_latent=16/val_split=0.50/2023-05-03_12-20-51/vae.ckpt,0.02419048547744751,0.23694779116465864
dummy,16,2,abundance,union_patches,union_patches,train_from_scratch,0.5,bce,32,16,1,val_loss,min,0.001,64,200,2,20,8,1,False,False,1,Training from scratch,249,249,/Users/johannes/work/resecarin/models/bce/val_loss/union_patches/train_from_scratch/n_species=16/depth=32/n_latent=16/val_split=0.50/2023-04-28_09-55-56/vae.ckpt,0.04307854175567627,0.3534136546184739
dummy,16,2,abundance,union_patches,union_patches,train_from_scratch,0.5,bce,32,16,1,val_loss,min,0.001,64,200,2,20,8,1,False,False,1,Training from scratch,249,249,/Users/johannes/work/resecarin/models/bce/val_loss/union_patches/train_from_scratch/n_species=16/depth=32/n_latent=16/val_split=0.50/2023-05-03_12-25-56/vae.ckpt,0.03830951452255249,0.321285140562249
dummy,16,2,abundance,union_patches,union_patches,train_from_scratch,0.5,bce,32,16,1,val_loss,min,0.001,64,200,2,20,8,1,False,False,1,Training from scratch,249,249,/Users/johannes/work/resecarin/models/bce/val_loss/union_patches/train_from_scratch/n_species=16/depth=32/n_latent=16/val_split=0.50/2023-05-03_12-35-34/vae.ckpt,0.031030356884002686,0.2971887550200803
dummy,16,2,abundance,union_patches,union_patches,train_from_scratch,0.5,bce,32,16,1,val_loss,min,0.001,64,200,2,20,8,1,False,False,1,Training from scratch,249,249,/Users/johannes/work/resecarin/models/bce/val_loss/union_patches/train_from_scratch/n_species=16/depth=32/n_latent=16/val_split=0.50/2023-05-03_12-48-38/vae.ckpt,0.031657874584198,0.3132530120481928
dummy,16,2,abundance,union_patches,union_patches,train_from_scratch,0.5,bce,32,16,1,val_loss,min,0.001,64,200,2,20,8,1,False,False,1,Training from scratch,249,249,/Users/johannes/work/resecarin/models/bce/val_loss/union_patches/train_from_scratch/n_species=16/depth=32/n_latent=16/val_split=0.50/2023-04-28_09-41-58/vae.ckpt,0.029838085174560547,0.3132530120481928
dummy,16,2,abundance,union_patches,union_patches,train_from_scratch,0.5,bce,32,16,1,val_loss,min,0.001,64,200,2,20,8,1,False,False,1,Training from scratch,249,249,/Users/johannes/work/resecarin/models/bce/val_loss/union_patches/train_from_scratch/n_species=16/depth=32/n_latent=16/val_split=0.50/2023-05-03_12-50-34/vae.ckpt,0.037023067474365234,0.3614457831325301
dummy,16,2,abundance,petrer_limestone,union_patches,train_from_scratch,0.5,bce,32,16,1,val_loss,min,0.001,64,200,2,20,8,1,False,False,1,Direct transfer from Petrer,498,498,/Users/johannes/work/resecarin/models/bce/val_loss/petrer_limestone/train_from_scratch/n_species=16/depth=32/n_latent=16/val_split=0.50/2023-05-02_17-25-53/vae.ckpt,0.0154837965965271,0.18072289156626506
dummy,16,2,abundance,petrer_limestone,union_patches,train_from_scratch,0.5,bce,32,16,1,val_loss,min,0.001,64,200,2,20,8,1,False,False,1,Direct transfer from Petrer,498,498,/Users/johannes/work/resecarin/models/bce/val_loss/petrer_limestone/train_from_scratch/n_species=16/depth=32/n_latent=16/val_split=0.50/2023-04-27_21-44-47/vae.ckpt,0.013930737972259521,0.16265060240963855
dummy,16,2,abundance,petrer_limestone,union_patches,train_from_scratch,0.5,bce,32,16,1,val_loss,min,0.001,64,200,2,20,8,1,False,False,1,Direct transfer from Petrer,498,498,/Users/johannes/work/resecarin/models/bce/val_loss/petrer_limestone/train_from_scratch/n_species=16/depth=32/n_latent=16/val_split=0.50/2023-05-03_09-26-02/vae.ckpt,0.010416686534881592,0.1144578313253012
dummy,16,2,abundance,petrer_limestone,union_patches,train_from_scratch,0.5,bce,32,16,1,val_loss,min,0.001,64,200,2,20,8,1,False,False,1,Direct transfer from Petrer,498,498,/Users/johannes/work/resecarin/models/bce/val_loss/petrer_limestone/train_from_scratch/n_species=16/depth=32/n_latent=16/val_split=0.50/2023-05-02_16-38-45/vae.ckpt,0.00909888744354248,0.11244979919678715
dummy,16,2,abundance,petrer_limestone,union_patches,train_from_scratch,0.5,bce,32,16,1,val_loss,min,0.001,64,200,2,20,8,1,False,False,1,Direct transfer from Petrer,498,498,/Users/johannes/work/resecarin/models/bce/val_loss/petrer_limestone/train_from_scratch/n_species=16/depth=32/n_latent=16/val_split=0.50/2023-04-27_20-51-06/vae.ckpt,0.007090866565704346,0.0783132530120482
dummy,16,2,abundance,petrer_limestone,union_patches,train_from_scratch,0.5,bce,32,16,1,val_loss,min,0.001,64,200,2,20,8,1,False,False,1,Direct transfer from Petrer,498,498,/Users/johannes/work/resecarin/models/bce/val_loss/petrer_limestone/train_from_scratch/n_species=16/depth=32/n_latent=16/val_split=0.50/2023-04-27_21-31-41/vae.ckpt,0.01146775484085083,0.11847389558232932
dummy,16,2,abundance,petrer_limestone,union_patches,train_from_scratch,0.5,bce,32,16,1,val_loss,min,0.001,64,200,2,20,8,1,False,False,1,Direct transfer from Petrer,498,498,/Users/johannes/work/resecarin/models/bce/val_loss/petrer_limestone/train_from_scratch/n_species=16/depth=32/n_latent=16/val_split=0.50/2023-04-27_22-02-28/vae.ckpt,0.009036123752593994,0.11244979919678715
dummy,16,2,abundance,petrer_limestone,union_patches,train_from_scratch,0.5,bce,32,16,1,val_loss,min,0.001,64,200,2,20,8,1,False,False,1,Direct transfer from Petrer,498,498,/Users/johannes/work/resecarin/models/bce/val_loss/petrer_limestone/train_from_scratch/n_species=16/depth=32/n_latent=16/val_split=0.50/2023-04-27_21-18-28/vae.ckpt,0.02070784568786621,0.21285140562248997
dummy,16,2,abundance,petrer_limestone,union_patches,train_from_scratch,0.5,bce,32,16,1,val_loss,min,0.001,64,200,2,20,8,1,False,False,1,Direct transfer from Petrer,498,498,/Users/johannes/work/resecarin/models/bce/val_loss/petrer_limestone/train_from_scratch/n_species=16/depth=32/n_latent=16/val_split=0.50/2023-05-02_17-33-28/vae.ckpt,0.015625,0.14457831325301204
dummy,16,2,abundance,petrer_limestone,union_patches,train_from_scratch,0.5,bce,32,16,1,val_loss,min,0.001,64,200,2,20,8,1,False,False,1,Direct transfer from Petrer,498,498,/Users/johannes/work/resecarin/models/bce/val_loss/petrer_limestone/train_from_scratch/n_species=16/depth=32/n_latent=16/val_split=0.50/2023-05-02_16-12-35/vae.ckpt,0.013805210590362549,0.13654618473895583
dummy,16,2,abundance,petrer_limestone,union_patches,train_from_scratch,0.5,bce,32,16,1,val_loss,min,0.001,64,200,2,20,8,1,False,False,1,Direct transfer from Petrer,498,498,/Users/johannes/work/resecarin/models/bce/val_loss/petrer_limestone/train_from_scratch/n_species=16/depth=32/n_latent=16/val_split=0.50/2023-05-02_17-00-36/vae.ckpt,0.014260172843933105,0.1746987951807229
dummy,16,2,abundance,petrer_limestone,union_patches,train_from_scratch,0.5,bce,32,16,1,val_loss,min,0.001,64,200,2,20,8,1,False,False,1,Direct transfer from Petrer,498,498,/Users/johannes/work/resecarin/models/bce/val_loss/petrer_limestone/train_from_scratch/n_species=16/depth=32/n_latent=16/val_split=0.50/2023-05-03_09-18-45/vae.ckpt,0.01860564947128296,0.1746987951807229
dummy,16,2,abundance,petrer_limestone,union_patches,train_from_scratch,0.5,bce,32,16,1,val_loss,min,0.001,64,200,2,20,8,1,False,False,1,Direct transfer from Petrer,498,498,/Users/johannes/work/resecarin/models/bce/val_loss/petrer_limestone/train_from_scratch/n_species=16/depth=32/n_latent=16/val_split=0.50/2023-05-02_17-04-46/vae.ckpt,0.016503512859344482,0.16666666666666666
dummy,16,2,abundance,petrer_limestone,union_patches,train_from_scratch,0.5,bce,32,16,1,val_loss,min,0.001,64,200,2,20,8,1,False,False,1,Direct transfer from Petrer,498,498,/Users/johannes/work/resecarin/models/bce/val_loss/petrer_limestone/train_from_scratch/n_species=16/depth=32/n_latent=16/val_split=0.50/2023-04-27_21-14-07/vae.ckpt,0.004565119743347168,0.06224899598393574
dummy,16,2,abundance,petrer_limestone,union_patches,train_from_scratch,0.5,bce,32,16,1,val_loss,min,0.001,64,200,2,20,8,1,False,False,1,Direct transfer from Petrer,498,498,/Users/johannes/work/resecarin/models/bce/val_loss/petrer_limestone/train_from_scratch/n_species=16/depth=32/n_latent=16/val_split=0.50/2023-04-27_20-40-41/vae.ckpt,0.008424341678619385,0.10642570281124498
dummy,16,2,abundance,petrer_limestone,union_patches,train_from_scratch,0.5,bce,32,16,1,val_loss,min,0.001,64,200,2,20,8,1,False,False,1,Direct transfer from Petrer,498,498,/Users/johannes/work/resecarin/models/bce/val_loss/petrer_limestone/train_from_scratch/n_species=16/depth=32/n_latent=16/val_split=0.50/2023-05-02_17-14-13/vae.ckpt,0.014275848865509033,0.1606425702811245
dummy,16,2,abundance,petrer_limestone,union_patches,train_from_scratch,0.5,bce,32,16,1,val_loss,min,0.001,64,200,2,20,8,1,False,False,1,Direct transfer from Petrer,498,498,/Users/johannes/work/resecarin/models/bce/val_loss/petrer_limestone/train_from_scratch/n_species=16/depth=32/n_latent=16/val_split=0.50/2023-04-27_21-04-37/vae.ckpt,0.006933987140655518,0.09437751004016064
dummy,16,2,abundance,petrer_limestone,union_patches,train_from_scratch,0.5,bce,32,16,1,val_loss,min,0.001,64,200,2,20,8,1,False,False,1,Direct transfer from Petrer,498,498,/Users/johannes/work/resecarin/models/bce/val_loss/petrer_limestone/train_from_scratch/n_species=16/depth=32/n_latent=16/val_split=0.50/2023-05-02_17-18-19/vae.ckpt,0.015844643115997314,0.1827309236947791
dummy,16,2,abundance,petrer_limestone,union_patches,train_from_scratch,0.5,bce,32,16,1,val_loss,min,0.001,64,200,2,20,8,1,False,False,1,Direct transfer from Petrer,498,498,/Users/johannes/work/resecarin/models/bce/val_loss/petrer_limestone/train_from_scratch/n_species=16/depth=32/n_latent=16/val_split=0.50/2023-05-02_16-55-06/vae.ckpt,0.012848258018493652,0.12449799196787148
dummy,16,2,abundance,petrer_limestone,union_patches,train_from_scratch,0.5,bce,32,16,1,val_loss,min,0.001,64,200,2,20,8,1,False,False,1,Direct transfer from Petrer,498,498,/Users/johannes/work/resecarin/models/bce/val_loss/petrer_limestone/train_from_scratch/n_species=16/depth=32/n_latent=16/val_split=0.50/2023-05-02_17-29-42/vae.ckpt,0.017523229122161865,0.16666666666666666
dummy,16,2,abundance,petrer_limestone,union_patches,train_from_scratch,0.5,bce,32,16,1,val_loss,min,0.001,64,200,2,20,8,1,False,False,1,Direct transfer from Petrer,498,498,/Users/johannes/work/resecarin/models/bce/val_loss/petrer_limestone/train_from_scratch/n_species=16/depth=32/n_latent=16/val_split=0.50/2023-05-02_15-54-46/vae.ckpt,0.0021963119506835938,0.03614457831325301
dummy,16,2,abundance,petrer_limestone,union_patches,train_from_scratch,0.5,bce,32,16,1,val_loss,min,0.001,64,200,2,20,8,1,False,False,1,Direct transfer from Petrer,498,498,/Users/johannes/work/resecarin/models/bce/val_loss/petrer_limestone/train_from_scratch/n_species=16/depth=32/n_latent=16/val_split=0.50/2023-04-27_20-55-12/vae.ckpt,0.011169672012329102,0.15261044176706828
dummy,16,2,abundance,petrer_limestone,union_patches,train_from_scratch,0.5,bce,32,16,1,val_loss,min,0.001,64,200,2,20,8,1,False,False,1,Direct transfer from Petrer,498,498,/Users/johannes/work/resecarin/models/bce/val_loss/petrer_limestone/train_from_scratch/n_species=16/depth=32/n_latent=16/val_split=0.50/2023-04-27_21-26-43/vae.ckpt,0.016032874584197998,0.15261044176706828
dummy,16,2,abundance,petrer_limestone,union_patches,train_from_scratch,0.5,bce,32,16,1,val_loss,min,0.001,64,200,2,20,8,1,False,False,1,Direct transfer from Petrer,498,498,/Users/johannes/work/resecarin/models/bce/val_loss/petrer_limestone/train_from_scratch/n_species=16/depth=32/n_latent=16/val_split=0.50/2023-05-03_09-15-16/vae.ckpt,0.012942373752593994,0.15461847389558234
dummy,16,2,abundance,petrer_limestone,union_patches,train_from_scratch,0.5,bce,32,16,1,val_loss,min,0.001,64,200,2,20,8,1,False,False,1,Direct transfer from Petrer,498,498,/Users/johannes/work/resecarin/models/bce/val_loss/petrer_limestone/train_from_scratch/n_species=16/depth=32/n_latent=16/val_split=0.50/2023-04-27_21-48-47/vae.ckpt,0.011122643947601318,0.10240963855421686
dummy,16,2,abundance,petrer_limestone,union_patches,train_from_scratch,0.5,bce,32,16,1,val_loss,min,0.001,64,200,2,20,8,1,False,False,1,Direct transfer from Petrer,498,498,/Users/johannes/work/resecarin/models/bce/val_loss/petrer_limestone/train_from_scratch/n_species=16/depth=32/n_latent=16/val_split=0.50/2023-05-02_16-49-49/vae.ckpt,0.005663275718688965,0.0783132530120482
dummy,16,2,abundance,petrer_limestone,union_patches,train_from_scratch,0.5,bce,32,16,1,val_loss,min,0.001,64,200,2,20,8,1,False,False,1,Direct transfer from Petrer,498,498,/Users/johannes/work/resecarin/models/bce/val_loss/petrer_limestone/train_from_scratch/n_species=16/depth=32/n_latent=16/val_split=0.50/2023-05-03_09-22-39/vae.ckpt,0.013020813465118408,0.16666666666666666
dummy,16,2,abundance,petrer_limestone,union_patches,train_from_scratch,0.5,bce,32,16,1,val_loss,min,0.001,64,200,2,20,8,1,False,False,1,Direct transfer from Petrer,498,498,/Users/johannes/work/resecarin/models/bce/val_loss/petrer_limestone/train_from_scratch/n_species=16/depth=32/n_latent=16/val_split=0.50/2023-04-27_21-40-10/vae.ckpt,0.008141934871673584,0.10040160642570281
dummy,16,2,abundance,petrer_limestone,union_patches,train_from_scratch,0.5,bce,32,16,1,val_loss,min,0.001,64,200,2,20,8,1,False,False,1,Direct transfer from Petrer,498,498,/Users/johannes/work/resecarin/models/bce/val_loss/petrer_limestone/train_from_scratch/n_species=16/depth=32/n_latent=16/val_split=0.50/2023-04-27_21-58-24/vae.ckpt,0.011342227458953857,0.12048192771084337
dummy,16,2,abundance,petrer_limestone,union_patches,train_from_scratch,0.5,bce,32,16,1,val_loss,min,0.001,64,200,2,20,8,1,False,False,1,Direct transfer from Petrer,498,498,/Users/johannes/work/resecarin/models/bce/val_loss/petrer_limestone/train_from_scratch/n_species=16/depth=32/n_latent=16/val_split=0.50/2023-05-02_16-00-10/vae.ckpt,0.010149955749511719,0.1144578313253012
dummy,16,2,abundance,petrer_limestone,union_patches,train_from_scratch,0.5,bce,32,16,1,val_loss,min,0.001,64,200,2,20,8,1,False,False,1,Direct transfer from Petrer,498,498,/Users/johannes/work/resecarin/models/bce/val_loss/petrer_limestone/train_from_scratch/n_species=16/depth=32/n_latent=16/val_split=0.50/2023-05-02_16-17-38/vae.ckpt,0.014354288578033447,0.13453815261044177
dummy,16,2,abundance,petrer_limestone,union_patches,train_from_scratch,0.5,bce,32,16,1,val_loss,min,0.001,64,200,2,20,8,1,False,False,1,Direct transfer from Petrer,498,498,/Users/johannes/work/resecarin/models/bce/val_loss/petrer_limestone/train_from_scratch/n_species=16/depth=32/n_latent=16/val_split=0.50/2023-04-27_21-36-01/vae.ckpt,0.00792229175567627,0.09236947791164658
dummy,16,2,abundance,petrer_limestone,union_patches,train_from_scratch,0.5,bce,32,16,1,val_loss,min,0.001,64,200,2,20,8,1,False,False,1,Direct transfer from Petrer,498,498,/Users/johannes/work/resecarin/models/bce/val_loss/petrer_limestone/train_from_scratch/n_species=16/depth=32/n_latent=16/val_split=0.50/2023-04-27_20-45-32/vae.ckpt,0.017036914825439453,0.18072289156626506
dummy,16,2,abundance,petrer_limestone,union_patches,train_from_scratch,0.5,bce,32,16,1,val_loss,min,0.001,64,200,2,20,8,1,False,False,1,Direct transfer from Petrer,498,498,/Users/johannes/work/resecarin/models/bce/val_loss/petrer_limestone/train_from_scratch/n_species=16/depth=32/n_latent=16/val_split=0.50/2023-05-02_16-27-39/vae.ckpt,0.013099253177642822,0.14859437751004015
dummy,16,2,abundance,petrer_limestone,union_patches,train_from_scratch,0.5,bce,32,16,1,val_loss,min,0.001,64,200,2,20,8,1,False,False,1,Direct transfer from Petrer,498,498,/Users/johannes/work/resecarin/models/bce/val_loss/petrer_limestone/train_from_scratch/n_species=16/depth=32/n_latent=16/val_split=0.50/2023-05-02_16-05-18/vae.ckpt,0.023013949394226074,0.22690763052208834
dummy,16,2,abundance,petrer_limestone,union_patches,train_from_scratch,0.5,bce,32,16,1,val_loss,min,0.001,64,200,2,20,8,1,False,False,1,Direct transfer from Petrer,498,498,/Users/johannes/work/resecarin/models/bce/val_loss/petrer_limestone/train_from_scratch/n_species=16/depth=32/n_latent=16/val_split=0.50/2023-04-27_20-35-33/vae.ckpt,0.006133913993835449,0.07429718875502007
dummy,16,2,abundance,petrer_limestone,union_patches,train_from_scratch,0.5,bce,32,16,1,val_loss,min,0.001,64,200,2,20,8,1,False,False,1,Direct transfer from Petrer,498,498,/Users/johannes/work/resecarin/models/bce/val_loss/petrer_limestone/train_from_scratch/n_species=16/depth=32/n_latent=16/val_split=0.50/2023-05-02_16-44-21/vae.ckpt,0.013742446899414062,0.15461847389558234
dummy,16,2,abundance,petrer_limestone,union_patches,train_from_scratch,0.5,bce,32,16,1,val_loss,min,0.001,64,200,2,20,8,1,False,False,1,Direct transfer from Petrer,498,498,/Users/johannes/work/resecarin/models/bce/val_loss/petrer_limestone/train_from_scratch/n_species=16/depth=32/n_latent=16/val_split=0.50/2023-05-02_16-22-14/vae.ckpt,0.012189388275146484,0.14457831325301204
dummy,16,2,abundance,petrer_limestone,union_patches,train_from_scratch,0.5,bce,32,16,1,val_loss,min,0.001,64,200,2,20,8,1,False,False,1,Direct transfer from Petrer,498,498,/Users/johannes/work/resecarin/models/bce/val_loss/petrer_limestone/train_from_scratch/n_species=16/depth=32/n_latent=16/val_split=0.50/2023-04-27_21-08-39/vae.ckpt,0.011546194553375244,0.15261044176706828
dummy,16,2,abundance,petrer_limestone,union_patches,train_from_scratch,0.5,bce,32,16,1,val_loss,min,0.001,64,200,2,20,8,1,False,False,1,Direct transfer from Petrer,498,498,/Users/johannes/work/resecarin/models/bce/val_loss/petrer_limestone/train_from_scratch/n_species=16/depth=32/n_latent=16/val_split=0.50/2023-04-27_20-59-13/vae.ckpt,0.009883284568786621,0.13855421686746988
dummy,16,2,abundance,petrer_limestone,union_patches,train_from_scratch,0.5,bce,32,16,1,val_loss,min,0.001,64,200,2,20,8,1,False,False,1,Direct transfer from Petrer,498,498,/Users/johannes/work/resecarin/models/bce/val_loss/petrer_limestone/train_from_scratch/n_species=16/depth=32/n_latent=16/val_split=0.50/2023-04-27_21-22-46/vae.ckpt,0.01300513744354248,0.14457831325301204
dummy,16,2,abundance,petrer_limestone,union_patches,train_from_scratch,0.5,bce,32,16,1,val_loss,min,0.001,64,200,2,20,8,1,False,False,1,Direct transfer from Petrer,498,498,/Users/johannes/work/resecarin/models/bce/val_loss/petrer_limestone/train_from_scratch/n_species=16/depth=32/n_latent=16/val_split=0.50/2023-04-27_21-53-49/vae.ckpt,0.00440824031829834,0.050200803212851405
dummy,16,2,abundance,petrer_limestone,union_patches,train_from_scratch,0.5,bce,32,16,1,val_loss,min,0.001,64,200,2,20,8,1,False,False,1,Direct transfer from Petrer,498,498,/Users/johannes/work/resecarin/models/bce/val_loss/petrer_limestone/train_from_scratch/n_species=16/depth=32/n_latent=16/val_split=0.50/2023-05-02_16-33-12/vae.ckpt,0.008157610893249512,0.10642570281124498
dummy,16,2,abundance,petrer_limestone,union_patches,train_from_scratch,0.5,bce,32,16,1,val_loss,min,0.001,64,200,2,20,8,1,False,False,1,Direct transfer from Petrer,498,498,/Users/johannes/work/resecarin/models/bce/val_loss/petrer_limestone/train_from_scratch/n_species=16/depth=32/n_latent=16/val_split=0.50/2023-05-02_17-22-07/vae.ckpt,0.007153630256652832,0.08433734939759036
dummy,16,2,abundance,union_patches,union_patches,tune_petrer_limestone,0.5,bce,32,16,1,val_loss,min,0.001,64,200,2,20,8,1,False,False,1,Fine-tuning Petrer model,249,249,/Users/johannes/work/resecarin/models/bce/val_loss/union_patches/tune_petrer_limestone/n_species=16/depth=32/n_latent=16/val_split=0.50/2023-04-27_21-40-46/vae.ckpt,0.007749736309051514,0.0963855421686747
dummy,16,2,abundance,union_patches,union_patches,tune_petrer_limestone,0.5,bce,32,16,1,val_loss,min,0.001,64,200,2,20,8,1,False,False,1,Fine-tuning Petrer model,249,249,/Users/johannes/work/resecarin/models/bce/val_loss/union_patches/tune_petrer_limestone/n_species=16/depth=32/n_latent=16/val_split=0.50/2023-04-27_21-36-50/vae.ckpt,0.003576815128326416,0.04417670682730924
dummy,16,2,abundance,union_patches,union_patches,tune_petrer_limestone,0.5,bce,32,16,1,val_loss,min,0.001,64,200,2,20,8,1,False,False,1,Fine-tuning Petrer model,249,249,/Users/johannes/work/resecarin/models/bce/val_loss/union_patches/tune_petrer_limestone/n_species=16/depth=32/n_latent=16/val_split=0.50/2023-05-02_16-23-04/vae.ckpt,0.0044553279876708984,0.05622489959839357
dummy,16,2,abundance,union_patches,union_patches,tune_petrer_limestone,0.5,bce,32,16,1,val_loss,min,0.001,64,200,2,20,8,1,False,False,1,Fine-tuning Petrer model,249,249,/Users/johannes/work/resecarin/models/bce/val_loss/union_patches/tune_petrer_limestone/n_species=16/depth=32/n_latent=16/val_split=0.50/2023-05-02_16-33-59/vae.ckpt,0.0012236237525939941,0.020080321285140562
dummy,16,2,abundance,union_patches,union_patches,tune_petrer_limestone,0.5,bce,32,16,1,val_loss,min,0.001,64,200,2,20,8,1,False,False,1,Fine-tuning Petrer model,249,249,/Users/johannes/work/resecarin/models/bce/val_loss/union_patches/tune_petrer_limestone/n_species=16/depth=32/n_latent=16/val_split=0.50/2023-05-02_16-18-18/vae.ckpt,0.0048632025718688965,0.07228915662650602
dummy,16,2,abundance,union_patches,union_patches,tune_petrer_limestone,0.5,bce,32,16,1,val_loss,min,0.001,64,200,2,20,8,1,False,False,1,Fine-tuning Petrer model,249,249,/Users/johannes/work/resecarin/models/bce/val_loss/union_patches/tune_petrer_limestone/n_species=16/depth=32/n_latent=16/val_split=0.50/2023-05-02_16-50-39/vae.ckpt,0.0022590160369873047,0.028112449799196786
dummy,16,2,abundance,union_patches,union_patches,tune_petrer_limestone,0.5,bce,32,16,1,val_loss,min,0.001,64,200,2,20,8,1,False,False,1,Fine-tuning Petrer model,249,249,/Users/johannes/work/resecarin/models/bce/val_loss/union_patches/tune_petrer_limestone/n_species=16/depth=32/n_latent=16/val_split=0.50/2023-04-27_21-27-17/vae.ckpt,0.006933987140655518,0.09236947791164658
dummy,16,2,abundance,union_patches,union_patches,tune_petrer_limestone,0.5,bce,32,16,1,val_loss,min,0.001,64,200,2,20,8,1,False,False,1,Fine-tuning Petrer model,249,249,/Users/johannes/work/resecarin/models/bce/val_loss/union_patches/tune_petrer_limestone/n_species=16/depth=32/n_latent=16/val_split=0.50/2023-04-27_22-02-58/vae.ckpt,0.005898594856262207,0.06827309236947791
dummy,16,2,abundance,union_patches,union_patches,tune_petrer_limestone,0.5,bce,32,16,1,val_loss,min,0.001,64,200,2,20,8,1,False,False,1,Fine-tuning Petrer model,249,249,/Users/johannes/work/resecarin/models/bce/val_loss/union_patches/tune_petrer_limestone/n_species=16/depth=32/n_latent=16/val_split=0.50/2023-04-27_21-23-17/vae.ckpt,0.00505143404006958,0.0642570281124498
dummy,16,2,abundance,union_patches,union_patches,tune_petrer_limestone,0.5,bce,32,16,1,val_loss,min,0.001,64,200,2,20,8,1,False,False,1,Fine-tuning Petrer model,249,249,/Users/johannes/work/resecarin/models/bce/val_loss/union_patches/tune_petrer_limestone/n_species=16/depth=32/n_latent=16/val_split=0.50/2023-05-02_17-05-25/vae.ckpt,0.008973419666290283,0.10040160642570281
dummy,16,2,abundance,union_patches,union_patches,tune_petrer_limestone,0.5,bce,32,16,1,val_loss,min,0.001,64,200,2,20,8,1,False,False,1,Fine-tuning Petrer model,249,249,/Users/johannes/work/resecarin/models/bce/val_loss/union_patches/tune_petrer_limestone/n_species=16/depth=32/n_latent=16/val_split=0.50/2023-04-27_21-54-38/vae.ckpt,0.002321779727935791,0.03614457831325301
dummy,16,2,abundance,union_patches,union_patches,tune_petrer_limestone,0.5,bce,32,16,1,val_loss,min,0.001,64,200,2,20,8,1,False,False,1,Fine-tuning Petrer model,249,249,/Users/johannes/work/resecarin/models/bce/val_loss/union_patches/tune_petrer_limestone/n_species=16/depth=32/n_latent=16/val_split=0.50/2023-05-02_16-55-54/vae.ckpt,0.002980649471282959,0.040160642570281124
dummy,16,2,abundance,union_patches,union_patches,tune_petrer_limestone,0.5,bce,32,16,1,val_loss,min,0.001,64,200,2,20,8,1,False,False,1,Fine-tuning Petrer model,249,249,/Users/johannes/work/resecarin/models/bce/val_loss/union_patches/tune_petrer_limestone/n_species=16/depth=32/n_latent=16/val_split=0.50/2023-04-27_21-32-29/vae.ckpt,0.006745755672454834,0.08835341365461848
dummy,16,2,abundance,union_patches,union_patches,tune_petrer_limestone,0.5,bce,32,16,1,val_loss,min,0.001,64,200,2,20,8,1,False,False,1,Fine-tuning Petrer model,249,249,/Users/johannes/work/resecarin/models/bce/val_loss/union_patches/tune_petrer_limestone/n_species=16/depth=32/n_latent=16/val_split=0.50/2023-05-02_16-28-25/vae.ckpt,0.0037650465965270996,0.04417670682730924
dummy,16,2,abundance,union_patches,union_patches,tune_petrer_limestone,0.5,bce,32,16,1,val_loss,min,0.001,64,200,2,20,8,1,False,False,1,Fine-tuning Petrer model,249,249,/Users/johannes/work/resecarin/models/bce/val_loss/union_patches/tune_petrer_limestone/n_species=16/depth=32/n_latent=16/val_split=0.50/2023-04-27_21-45-18/vae.ckpt,0.0057103633880615234,0.07630522088353414
dummy,16,2,abundance,union_patches,union_patches,tune_petrer_limestone,0.5,bce,32,16,1,val_loss,min,0.001,64,200,2,20,8,1,False,False,1,Fine-tuning Petrer model,249,249,/Users/johannes/work/resecarin/models/bce/val_loss/union_patches/tune_petrer_limestone/n_species=16/depth=32/n_latent=16/val_split=0.50/2023-04-27_21-59-07/vae.ckpt,0.003576815128326416,0.03614457831325301
dummy,16,2,abundance,union_patches,union_patches,tune_petrer_limestone,0.5,bce,32,16,1,val_loss,min,0.001,64,200,2,20,8,1,False,False,1,Fine-tuning Petrer model,249,249,/Users/johannes/work/resecarin/models/bce/val_loss/union_patches/tune_petrer_limestone/n_species=16/depth=32/n_latent=16/val_split=0.50/2023-04-27_21-49-37/vae.ckpt,0.0022904276847839355,0.0321285140562249
dummy,16,2,abundance,union_patches,union_patches,tune_petrer_limestone,0.5,bce,32,16,1,val_loss,min,0.001,64,200,2,20,8,1,False,False,1,Fine-tuning Petrer model,249,249,/Users/johannes/work/resecarin/models/bce/val_loss/union_patches/tune_petrer_limestone/n_species=16/depth=32/n_latent=16/val_split=0.50/2023-05-02_16-39-31/vae.ckpt,0.0036081671714782715,0.04819277108433735
dummy,16,2,abundance,union_patches,union_patches,tune_petrer_limestone,0.5,bce,32,16,1,val_loss,min,0.001,64,200,2,20,8,1,False,False,1,Fine-tuning Petrer model,249,249,/Users/johannes/work/resecarin/models/bce/val_loss/union_patches/tune_petrer_limestone/n_species=16/depth=32/n_latent=16/val_split=0.50/2023-05-02_17-01-16/vae.ckpt,0.009318530559539795,0.10843373493975904
dummy,16,2,abundance,union_patches,union_patches,tune_petrer_limestone,0.5,bce,32,16,1,val_loss,min,0.001,64,200,2,20,8,1,False,False,1,Fine-tuning Petrer model,249,249,/Users/johannes/work/resecarin/models/bce/val_loss/union_patches/tune_petrer_limestone/n_species=16/depth=32/n_latent=16/val_split=0.50/2023-05-02_16-45-05/vae.ckpt,0.014244496822357178,0.14457831325301204
dummy,16,2,abundance,mexico_all,mexico_all,train_from_scratch,0.5,bce,32,16,1,val_loss,min,0.001,64,200,2,20,8,1,False,False,1,Training from scratch,420,420,/Users/johannes/work/resecarin/models/bce/val_loss/mexico_all/train_from_scratch/n_species=16/depth=32/n_latent=16/val_split=0.50/2023-04-28_10-18-10/vae.ckpt,0.015271604061126709,0.18095238095238095
dummy,16,2,abundance,mexico_all,mexico_all,train_from_scratch,0.5,bce,32,16,1,val_loss,min,0.001,64,200,2,20,8,1,False,False,1,Training from scratch,420,420,/Users/johannes/work/resecarin/models/bce/val_loss/mexico_all/train_from_scratch/n_species=16/depth=32/n_latent=16/val_split=0.50/2023-05-03_13-27-10/vae.ckpt,0.011011898517608643,0.12142857142857143
dummy,16,2,abundance,mexico_all,mexico_all,train_from_scratch,0.5,bce,32,16,1,val_loss,min,0.001,64,200,2,20,8,1,False,False,1,Training from scratch,420,420,/Users/johannes/work/resecarin/models/bce/val_loss/mexico_all/train_from_scratch/n_species=16/depth=32/n_latent=16/val_split=0.50/2023-04-28_10-20-12/vae.ckpt,0.021800577640533447,0.19047619047619047
dummy,16,2,abundance,mexico_all,mexico_all,train_from_scratch,0.5,bce,32,16,1,val_loss,min,0.001,64,200,2,20,8,1,False,False,1,Training from scratch,420,420,/Users/johannes/work/resecarin/models/bce/val_loss/mexico_all/train_from_scratch/n_species=16/depth=32/n_latent=16/val_split=0.50/2023-05-03_13-08-57/vae.ckpt,0.020870506763458252,0.28095238095238095
dummy,16,2,abundance,mexico_all,mexico_all,train_from_scratch,0.5,bce,32,16,1,val_loss,min,0.001,64,200,2,20,8,1,False,False,1,Training from scratch,420,420,/Users/johannes/work/resecarin/models/bce/val_loss/mexico_all/train_from_scratch/n_species=16/depth=32/n_latent=16/val_split=0.50/2023-05-03_13-11-06/vae.ckpt,0.023139894008636475,0.27380952380952384
dummy,16,2,abundance,mexico_all,mexico_all,train_from_scratch,0.5,bce,32,16,1,val_loss,min,0.001,64,200,2,20,8,1,False,False,1,Training from scratch,420,420,/Users/johannes/work/resecarin/models/bce/val_loss/mexico_all/train_from_scratch/n_species=16/depth=32/n_latent=16/val_split=0.50/2023-05-03_13-15-31/vae.ckpt,0.031454622745513916,0.2976190476190476
dummy,16,2,abundance,mexico_all,mexico_all,train_from_scratch,0.5,bce,32,16,1,val_loss,min,0.001,64,200,2,20,8,1,False,False,1,Training from scratch,420,420,/Users/johannes/work/resecarin/models/bce/val_loss/mexico_all/train_from_scratch/n_species=16/depth=32/n_latent=16/val_split=0.50/2023-04-28_10-05-41/vae.ckpt,0.022823631763458252,0.23333333333333334
dummy,16,2,abundance,mexico_all,mexico_all,train_from_scratch,0.5,bce,32,16,1,val_loss,min,0.001,64,200,2,20,8,1,False,False,1,Training from scratch,420,420,/Users/johannes/work/resecarin/models/bce/val_loss/mexico_all/train_from_scratch/n_species=16/depth=32/n_latent=16/val_split=0.50/2023-05-03_13-32-21/vae.ckpt,0.015159964561462402,0.16904761904761906
dummy,16,2,abundance,mexico_all,mexico_all,train_from_scratch,0.5,bce,32,16,1,val_loss,min,0.001,64,200,2,20,8,1,False,False,1,Training from scratch,420,420,/Users/johannes/work/resecarin/models/bce/val_loss/mexico_all/train_from_scratch/n_species=16/depth=32/n_latent=16/val_split=0.50/2023-04-28_10-22-16/vae.ckpt,0.02284228801727295,0.2
dummy,16,2,abundance,mexico_all,mexico_all,train_from_scratch,0.5,bce,32,16,1,val_loss,min,0.001,64,200,2,20,8,1,False,False,1,Training from scratch,420,420,/Users/johannes/work/resecarin/models/bce/val_loss/mexico_all/train_from_scratch/n_species=16/depth=32/n_latent=16/val_split=0.50/2023-05-03_13-02-32/vae.ckpt,0.01357889175415039,0.1357142857142857
dummy,16,2,abundance,mexico_all,mexico_all,train_from_scratch,0.5,bce,32,16,1,val_loss,min,0.001,64,200,2,20,8,1,False,False,1,Training from scratch,420,420,/Users/johannes/work/resecarin/models/bce/val_loss/mexico_all/train_from_scratch/n_species=16/depth=32/n_latent=16/val_split=0.50/2023-05-03_13-04-41/vae.ckpt,0.015401780605316162,0.17857142857142858
dummy,16,2,abundance,mexico_all,mexico_all,train_from_scratch,0.5,bce,32,16,1,val_loss,min,0.001,64,200,2,20,8,1,False,False,1,Training from scratch,420,420,/Users/johannes/work/resecarin/models/bce/val_loss/mexico_all/train_from_scratch/n_species=16/depth=32/n_latent=16/val_split=0.50/2023-04-28_10-24-18/vae.ckpt,0.03856027126312256,0.36428571428571427
dummy,16,2,abundance,mexico_all,mexico_all,train_from_scratch,0.5,bce,32,16,1,val_loss,min,0.001,64,200,2,20,8,1,False,False,1,Training from scratch,420,420,/Users/johannes/work/resecarin/models/bce/val_loss/mexico_all/train_from_scratch/n_species=16/depth=32/n_latent=16/val_split=0.50/2023-05-03_13-20-05/vae.ckpt,0.01024925708770752,0.10952380952380952
dummy,16,2,abundance,mexico_all,mexico_all,train_from_scratch,0.5,bce,32,16,1,val_loss,min,0.001,64,200,2,20,8,1,False,False,1,Training from scratch,420,420,/Users/johannes/work/resecarin/models/bce/val_loss/mexico_all/train_from_scratch/n_species=16/depth=32/n_latent=16/val_split=0.50/2023-05-03_13-13-15/vae.ckpt,0.009598195552825928,0.10238095238095238
dummy,16,2,abundance,mexico_all,mexico_all,train_from_scratch,0.5,bce,32,16,1,val_loss,min,0.001,64,200,2,20,8,1,False,False,1,Training from scratch,420,420,/Users/johannes/work/resecarin/models/bce/val_loss/mexico_all/train_from_scratch/n_species=16/depth=32/n_latent=16/val_split=0.50/2023-05-03_13-17-46/vae.ckpt,0.04531252384185791,0.46904761904761905
dummy,16,2,abundance,mexico_all,mexico_all,train_from_scratch,0.5,bce,32,16,1,val_loss,min,0.001,64,200,2,20,8,1,False,False,1,Training from scratch,420,420,/Users/johannes/work/resecarin/models/bce/val_loss/mexico_all/train_from_scratch/n_species=16/depth=32/n_latent=16/val_split=0.50/2023-04-28_10-16-07/vae.ckpt,0.02161461114883423,0.2714285714285714
dummy,16,2,abundance,mexico_all,mexico_all,train_from_scratch,0.5,bce,32,16,1,val_loss,min,0.001,64,200,2,20,8,1,False,False,1,Training from scratch,420,420,/Users/johannes/work/resecarin/models/bce/val_loss/mexico_all/train_from_scratch/n_species=16/depth=32/n_latent=16/val_split=0.50/2023-05-03_13-29-52/vae.ckpt,0.018750011920928955,0.19523809523809524
dummy,16,2,abundance,mexico_all,mexico_all,train_from_scratch,0.5,bce,32,16,1,val_loss,min,0.001,64,200,2,20,8,1,False,False,1,Training from scratch,420,420,/Users/johannes/work/resecarin/models/bce/val_loss/mexico_all/train_from_scratch/n_species=16/depth=32/n_latent=16/val_split=0.50/2023-05-03_13-22-23/vae.ckpt,0.020479917526245117,0.22857142857142856
dummy,16,2,abundance,mexico_all,mexico_all,train_from_scratch,0.5,bce,32,16,1,val_loss,min,0.001,64,200,2,20,8,1,False,False,1,Training from scratch,420,420,/Users/johannes/work/resecarin/models/bce/val_loss/mexico_all/train_from_scratch/n_species=16/depth=32/n_latent=16/val_split=0.50/2023-04-28_10-12-01/vae.ckpt,0.00805431604385376,0.11190476190476191
dummy,16,2,abundance,mexico_all,mexico_all,train_from_scratch,0.5,bce,32,16,1,val_loss,min,0.001,64,200,2,20,8,1,False,False,1,Training from scratch,420,420,/Users/johannes/work/resecarin/models/bce/val_loss/mexico_all/train_from_scratch/n_species=16/depth=32/n_latent=16/val_split=0.50/2023-05-03_13-06-49/vae.ckpt,0.04760044813156128,0.430952380952381
dummy,16,2,abundance,mexico_all,mexico_all,train_from_scratch,0.5,bce,32,16,1,val_loss,min,0.001,64,200,2,20,8,1,False,False,1,Training from scratch,420,420,/Users/johannes/work/resecarin/models/bce/val_loss/mexico_all/train_from_scratch/n_species=16/depth=32/n_latent=16/val_split=0.50/2023-04-28_10-09-54/vae.ckpt,0.04890251159667969,0.4452380952380952
dummy,16,2,abundance,mexico_all,mexico_all,train_from_scratch,0.5,bce,32,16,1,val_loss,min,0.001,64,200,2,20,8,1,False,False,1,Training from scratch,420,420,/Users/johannes/work/resecarin/models/bce/val_loss/mexico_all/train_from_scratch/n_species=16/depth=32/n_latent=16/val_split=0.50/2023-04-28_10-07-47/vae.ckpt,0.009691238403320312,0.10952380952380952
dummy,16,2,abundance,mexico_all,mexico_all,train_from_scratch,0.5,bce,32,16,1,val_loss,min,0.001,64,200,2,20,8,1,False,False,1,Training from scratch,420,420,/Users/johannes/work/resecarin/models/bce/val_loss/mexico_all/train_from_scratch/n_species=16/depth=32/n_latent=16/val_split=0.50/2023-04-28_10-14-05/vae.ckpt,0.010472476482391357,0.11190476190476191
dummy,16,2,abundance,mexico_all,mexico_all,train_from_scratch,0.5,bce,32,16,1,val_loss,min,0.001,64,200,2,20,8,1,False,False,1,Training from scratch,420,420,/Users/johannes/work/resecarin/models/bce/val_loss/mexico_all/train_from_scratch/n_species=16/depth=32/n_latent=16/val_split=0.50/2023-05-03_13-24-42/vae.ckpt,0.025465011596679688,0.3
dummy,16,2,abundance,petrer_limestone,mexico_all,train_from_scratch,0.5,bce,32,16,1,val_loss,min,0.001,64,200,2,20,8,1,False,False,1,Direct transfer from Petrer,840,840,/Users/johannes/work/resecarin/models/bce/val_loss/petrer_limestone/train_from_scratch/n_species=16/depth=32/n_latent=16/val_split=0.50/2023-05-02_17-25-53/vae.ckpt,0.02646946907043457,0.2702380952380952
dummy,16,2,abundance,petrer_limestone,mexico_all,train_from_scratch,0.5,bce,32,16,1,val_loss,min,0.001,64,200,2,20,8,1,False,False,1,Direct transfer from Petrer,840,840,/Users/johannes/work/resecarin/models/bce/val_loss/petrer_limestone/train_from_scratch/n_species=16/depth=32/n_latent=16/val_split=0.50/2023-04-27_21-44-47/vae.ckpt,0.02456289529800415,0.24166666666666667
dummy,16,2,abundance,petrer_limestone,mexico_all,train_from_scratch,0.5,bce,32,16,1,val_loss,min,0.001,64,200,2,20,8,1,False,False,1,Direct transfer from Petrer,840,840,/Users/johannes/work/resecarin/models/bce/val_loss/petrer_limestone/train_from_scratch/n_species=16/depth=32/n_latent=16/val_split=0.50/2023-05-03_09-26-02/vae.ckpt,0.022172629833221436,0.22738095238095238
dummy,16,2,abundance,petrer_limestone,mexico_all,train_from_scratch,0.5,bce,32,16,1,val_loss,min,0.001,64,200,2,20,8,1,False,False,1,Direct transfer from Petrer,840,840,/Users/johannes/work/resecarin/models/bce/val_loss/petrer_limestone/train_from_scratch/n_species=16/depth=32/n_latent=16/val_split=0.50/2023-05-02_16-38-45/vae.ckpt,0.017122387886047363,0.19642857142857142
dummy,16,2,abundance,petrer_limestone,mexico_all,train_from_scratch,0.5,bce,32,16,1,val_loss,min,0.001,64,200,2,20,8,1,False,False,1,Direct transfer from Petrer,840,840,/Users/johannes/work/resecarin/models/bce/val_loss/petrer_limestone/train_from_scratch/n_species=16/depth=32/n_latent=16/val_split=0.50/2023-04-27_20-51-06/vae.ckpt,0.01767110824584961,0.1773809523809524
dummy,16,2,abundance,petrer_limestone,mexico_all,train_from_scratch,0.5,bce,32,16,1,val_loss,min,0.001,64,200,2,20,8,1,False,False,1,Direct transfer from Petrer,840,840,/Users/johannes/work/resecarin/models/bce/val_loss/petrer_limestone/train_from_scratch/n_species=16/depth=32/n_latent=16/val_split=0.50/2023-04-27_21-31-41/vae.ckpt,0.026190459728240967,0.2642857142857143
dummy,16,2,abundance,petrer_limestone,mexico_all,train_from_scratch,0.5,bce,32,16,1,val_loss,min,0.001,64,200,2,20,8,1,False,False,1,Direct transfer from Petrer,840,840,/Users/johannes/work/resecarin/models/bce/val_loss/petrer_limestone/train_from_scratch/n_species=16/depth=32/n_latent=16/val_split=0.50/2023-04-27_22-02-28/vae.ckpt,0.026088178157806396,0.2630952380952381
dummy,16,2,abundance,petrer_limestone,mexico_all,train_from_scratch,0.5,bce,32,16,1,val_loss,min,0.001,64,200,2,20,8,1,False,False,1,Direct transfer from Petrer,840,840,/Users/johannes/work/resecarin/models/bce/val_loss/petrer_limestone/train_from_scratch/n_species=16/depth=32/n_latent=16/val_split=0.50/2023-04-27_21-18-28/vae.ckpt,0.032514870166778564,0.33214285714285713
dummy,16,2,abundance,petrer_limestone,mexico_all,train_from_scratch,0.5,bce,32,16,1,val_loss,min,0.001,64,200,2,20,8,1,False,False,1,Direct transfer from Petrer,840,840,/Users/johannes/work/resecarin/models/bce/val_loss/petrer_limestone/train_from_scratch/n_species=16/depth=32/n_latent=16/val_split=0.50/2023-05-02_17-33-28/vae.ckpt,0.02586495876312256,0.26666666666666666
dummy,16,2,abundance,petrer_limestone,mexico_all,train_from_scratch,0.5,bce,32,16,1,val_loss,min,0.001,64,200,2,20,8,1,False,False,1,Direct transfer from Petrer,840,840,/Users/johannes/work/resecarin/models/bce/val_loss/petrer_limestone/train_from_scratch/n_species=16/depth=32/n_latent=16/val_split=0.50/2023-05-02_16-12-35/vae.ckpt,0.024581491947174072,0.26071428571428573
dummy,16,2,abundance,petrer_limestone,mexico_all,train_from_scratch,0.5,bce,32,16,1,val_loss,min,0.001,64,200,2,20,8,1,False,False,1,Direct transfer from Petrer,840,840,/Users/johannes/work/resecarin/models/bce/val_loss/petrer_limestone/train_from_scratch/n_species=16/depth=32/n_latent=16/val_split=0.50/2023-05-02_17-00-36/vae.ckpt,0.029231786727905273,0.31547619047619047
dummy,16,2,abundance,petrer_limestone,mexico_all,train_from_scratch,0.5,bce,32,16,1,val_loss,min,0.001,64,200,2,20,8,1,False,False,1,Direct transfer from Petrer,840,840,/Users/johannes/work/resecarin/models/bce/val_loss/petrer_limestone/train_from_scratch/n_species=16/depth=32/n_latent=16/val_split=0.50/2023-05-03_09-18-45/vae.ckpt,0.025920748710632324,0.24404761904761904
dummy,16,2,abundance,petrer_limestone,mexico_all,train_from_scratch,0.5,bce,32,16,1,val_loss,min,0.001,64,200,2,20,8,1,False,False,1,Direct transfer from Petrer,840,840,/Users/johannes/work/resecarin/models/bce/val_loss/petrer_limestone/train_from_scratch/n_species=16/depth=32/n_latent=16/val_split=0.50/2023-05-02_17-04-46/vae.ckpt,0.031222105026245117,0.2869047619047619
dummy,16,2,abundance,petrer_limestone,mexico_all,train_from_scratch,0.5,bce,32,16,1,val_loss,min,0.001,64,200,2,20,8,1,False,False,1,Direct transfer from Petrer,840,840,/Users/johannes/work/resecarin/models/bce/val_loss/petrer_limestone/train_from_scratch/n_species=16/depth=32/n_latent=16/val_split=0.50/2023-04-27_21-14-07/vae.ckpt,0.00889134407043457,0.12023809523809524
dummy,16,2,abundance,petrer_limestone,mexico_all,train_from_scratch,0.5,bce,32,16,1,val_loss,min,0.001,64,200,2,20,8,1,False,False,1,Direct transfer from Petrer,840,840,/Users/johannes/work/resecarin/models/bce/val_loss/petrer_limestone/train_from_scratch/n_species=16/depth=32/n_latent=16/val_split=0.50/2023-04-27_20-40-41/vae.ckpt,0.026636898517608643,0.24523809523809523
dummy,16,2,abundance,petrer_limestone,mexico_all,train_from_scratch,0.5,bce,32,16,1,val_loss,min,0.001,64,200,2,20,8,1,False,False,1,Direct transfer from Petrer,840,840,/Users/johannes/work/resecarin/models/bce/val_loss/petrer_limestone/train_from_scratch/n_species=16/depth=32/n_latent=16/val_split=0.50/2023-05-02_17-14-13/vae.ckpt,0.02513021230697632,0.2511904761904762
dummy,16,2,abundance,petrer_limestone,mexico_all,train_from_scratch,0.5,bce,32,16,1,val_loss,min,0.001,64,200,2,20,8,1,False,False,1,Direct transfer from Petrer,840,840,/Users/johannes/work/resecarin/models/bce/val_loss/petrer_limestone/train_from_scratch/n_species=16/depth=32/n_latent=16/val_split=0.50/2023-04-27_21-04-37/vae.ckpt,0.016796886920928955,0.20595238095238094
dummy,16,2,abundance,petrer_limestone,mexico_all,train_from_scratch,0.5,bce,32,16,1,val_loss,min,0.001,64,200,2,20,8,1,False,False,1,Direct transfer from Petrer,840,840,/Users/johannes/work/resecarin/models/bce/val_loss/petrer_limestone/train_from_scratch/n_species=16/depth=32/n_latent=16/val_split=0.50/2023-05-02_17-18-19/vae.ckpt,0.03396576642990112,0.33095238095238094
dummy,16,2,abundance,petrer_limestone,mexico_all,train_from_scratch,0.5,bce,32,16,1,val_loss,min,0.001,64,200,2,20,8,1,False,False,1,Direct transfer from Petrer,840,840,/Users/johannes/work/resecarin/models/bce/val_loss/petrer_limestone/train_from_scratch/n_species=16/depth=32/n_latent=16/val_split=0.50/2023-05-02_16-55-06/vae.ckpt,0.02333521842956543,0.2357142857142857
dummy,16,2,abundance,petrer_limestone,mexico_all,train_from_scratch,0.5,bce,32,16,1,val_loss,min,0.001,64,200,2,20,8,1,False,False,1,Direct transfer from Petrer,840,840,/Users/johannes/work/resecarin/models/bce/val_loss/petrer_limestone/train_from_scratch/n_species=16/depth=32/n_latent=16/val_split=0.50/2023-05-02_17-29-42/vae.ckpt,0.02059149742126465,0.2226190476190476
dummy,16,2,abundance,petrer_limestone,mexico_all,train_from_scratch,0.5,bce,32,16,1,val_loss,min,0.001,64,200,2,20,8,1,False,False,1,Direct transfer from Petrer,840,840,/Users/johannes/work/resecarin/models/bce/val_loss/petrer_limestone/train_from_scratch/n_species=16/depth=32/n_latent=16/val_split=0.50/2023-05-02_15-54-46/vae.ckpt,0.004427075386047363,0.06428571428571428
dummy,16,2,abundance,petrer_limestone,mexico_all,train_from_scratch,0.5,bce,32,16,1,val_loss,min,0.001,64,200,2,20,8,1,False,False,1,Direct transfer from Petrer,840,840,/Users/johannes/work/resecarin/models/bce/val_loss/petrer_limestone/train_from_scratch/n_species=16/depth=32/n_latent=16/val_split=0.50/2023-04-27_20-55-12/vae.ckpt,0.01821988821029663,0.20357142857142857
dummy,16,2,abundance,petrer_limestone,mexico_all,train_from_scratch,0.5,bce,32,16,1,val_loss,min,0.001,64,200,2,20,8,1,False,False,1,Direct transfer from Petrer,840,840,/Users/johannes/work/resecarin/models/bce/val_loss/petrer_limestone/train_from_scratch/n_species=16/depth=32/n_latent=16/val_split=0.50/2023-04-27_21-26-43/vae.ckpt,0.025269746780395508,0.2702380952380952
dummy,16,2,abundance,petrer_limestone,mexico_all,train_from_scratch,0.5,bce,32,16,1,val_loss,min,0.001,64,200,2,20,8,1,False,False,1,Direct transfer from Petrer,840,840,/Users/johannes/work/resecarin/models/bce/val_loss/petrer_limestone/train_from_scratch/n_species=16/depth=32/n_latent=16/val_split=0.50/2023-05-03_09-15-16/vae.ckpt,0.020386934280395508,0.24166666666666667
dummy,16,2,abundance,petrer_limestone,mexico_all,train_from_scratch,0.5,bce,32,16,1,val_loss,min,0.001,64,200,2,20,8,1,False,False,1,Direct transfer from Petrer,840,840,/Users/johannes/work/resecarin/models/bce/val_loss/petrer_limestone/train_from_scratch/n_species=16/depth=32/n_latent=16/val_split=0.50/2023-04-27_21-48-47/vae.ckpt,0.021298348903656006,0.20714285714285716
dummy,16,2,abundance,petrer_limestone,mexico_all,train_from_scratch,0.5,bce,32,16,1,val_loss,min,0.001,64,200,2,20,8,1,False,False,1,Direct transfer from Petrer,840,840,/Users/johannes/work/resecarin/models/bce/val_loss/petrer_limestone/train_from_scratch/n_species=16/depth=32/n_latent=16/val_split=0.50/2023-05-02_16-49-49/vae.ckpt,0.01431363821029663,0.15833333333333333
dummy,16,2,abundance,petrer_limestone,mexico_all,train_from_scratch,0.5,bce,32,16,1,val_loss,min,0.001,64,200,2,20,8,1,False,False,1,Direct transfer from Petrer,840,840,/Users/johannes/work/resecarin/models/bce/val_loss/petrer_limestone/train_from_scratch/n_species=16/depth=32/n_latent=16/val_split=0.50/2023-05-03_09-22-39/vae.ckpt,0.023893237113952637,0.2726190476190476
dummy,16,2,abundance,petrer_limestone,mexico_all,train_from_scratch,0.5,bce,32,16,1,val_loss,min,0.001,64,200,2,20,8,1,False,False,1,Direct transfer from Petrer,840,840,/Users/johannes/work/resecarin/models/bce/val_loss/petrer_limestone/train_from_scratch/n_species=16/depth=32/n_latent=16/val_split=0.50/2023-04-27_21-40-10/vae.ckpt,0.01903831958770752,0.20357142857142857
dummy,16,2,abundance,petrer_limestone,mexico_all,train_from_scratch,0.5,bce,32,16,1,val_loss,min,0.001,64,200,2,20,8,1,False,False,1,Direct transfer from Petrer,840,840,/Users/johannes/work/resecarin/models/bce/val_loss/petrer_limestone/train_from_scratch/n_species=16/depth=32/n_latent=16/val_split=0.50/2023-04-27_21-58-24/vae.ckpt,0.019726574420928955,0.21904761904761905
dummy,16,2,abundance,petrer_limestone,mexico_all,train_from_scratch,0.5,bce,32,16,1,val_loss,min,0.001,64,200,2,20,8,1,False,False,1,Direct transfer from Petrer,840,840,/Users/johannes/work/resecarin/models/bce/val_loss/petrer_limestone/train_from_scratch/n_species=16/depth=32/n_latent=16/val_split=0.50/2023-05-02_16-00-10/vae.ckpt,0.01964282989501953,0.1988095238095238
dummy,16,2,abundance,petrer_limestone,mexico_all,train_from_scratch,0.5,bce,32,16,1,val_loss,min,0.001,64,200,2,20,8,1,False,False,1,Direct transfer from Petrer,840,840,/Users/johannes/work/resecarin/models/bce/val_loss/petrer_limestone/train_from_scratch/n_species=16/depth=32/n_latent=16/val_split=0.50/2023-05-02_16-17-38/vae.ckpt,0.027297258377075195,0.26904761904761904
dummy,16,2,abundance,petrer_limestone,mexico_all,train_from_scratch,0.5,bce,32,16,1,val_loss,min,0.001,64,200,2,20,8,1,False,False,1,Direct transfer from Petrer,840,840,/Users/johannes/work/resecarin/models/bce/val_loss/petrer_limestone/train_from_scratch/n_species=16/depth=32/n_latent=16/val_split=0.50/2023-04-27_21-36-01/vae.ckpt,0.017875730991363525,0.18928571428571428
dummy,16,2,abundance,petrer_limestone,mexico_all,train_from_scratch,0.5,bce,32,16,1,val_loss,min,0.001,64,200,2,20,8,1,False,False,1,Direct transfer from Petrer,840,840,/Users/johannes/work/resecarin/models/bce/val_loss/petrer_limestone/train_from_scratch/n_species=16/depth=32/n_latent=16/val_split=0.50/2023-04-27_20-45-32/vae.ckpt,0.0353887677192688,0.35714285714285715
dummy,16,2,abundance,petrer_limestone,mexico_all,train_from_scratch,0.5,bce,32,16,1,val_loss,min,0.001,64,200,2,20,8,1,False,False,1,Direct transfer from Petrer,840,840,/Users/johannes/work/resecarin/models/bce/val_loss/petrer_limestone/train_from_scratch/n_species=16/depth=32/n_latent=16/val_split=0.50/2023-05-02_16-27-39/vae.ckpt,0.027752995491027832,0.26666666666666666
dummy,16,2,abundance,petrer_limestone,mexico_all,train_from_scratch,0.5,bce,32,16,1,val_loss,min,0.001,64,200,2,20,8,1,False,False,1,Direct transfer from Petrer,840,840,/Users/johannes/work/resecarin/models/bce/val_loss/petrer_limestone/train_from_scratch/n_species=16/depth=32/n_latent=16/val_split=0.50/2023-05-02_16-05-18/vae.ckpt,0.03748142719268799,0.3345238095238095
dummy,16,2,abundance,petrer_limestone,mexico_all,train_from_scratch,0.5,bce,32,16,1,val_loss,min,0.001,64,200,2,20,8,1,False,False,1,Direct transfer from Petrer,840,840,/Users/johannes/work/resecarin/models/bce/val_loss/petrer_limestone/train_from_scratch/n_species=16/depth=32/n_latent=16/val_split=0.50/2023-04-27_20-35-33/vae.ckpt,0.019754469394683838,0.20952380952380953
dummy,16,2,abundance,petrer_limestone,mexico_all,train_from_scratch,0.5,bce,32,16,1,val_loss,min,0.001,64,200,2,20,8,1,False,False,1,Direct transfer from Petrer,840,840,/Users/johannes/work/resecarin/models/bce/val_loss/petrer_limestone/train_from_scratch/n_species=16/depth=32/n_latent=16/val_split=0.50/2023-05-02_16-44-21/vae.ckpt,0.025678932666778564,0.2511904761904762
dummy,16,2,abundance,petrer_limestone,mexico_all,train_from_scratch,0.5,bce,32,16,1,val_loss,min,0.001,64,200,2,20,8,1,False,False,1,Direct transfer from Petrer,840,840,/Users/johannes/work/resecarin/models/bce/val_loss/petrer_limestone/train_from_scratch/n_species=16/depth=32/n_latent=16/val_split=0.50/2023-05-02_16-22-14/vae.ckpt,0.01890808343887329,0.2154761904761905
dummy,16,2,abundance,petrer_limestone,mexico_all,train_from_scratch,0.5,bce,32,16,1,val_loss,min,0.001,64,200,2,20,8,1,False,False,1,Direct transfer from Petrer,840,840,/Users/johannes/work/resecarin/models/bce/val_loss/petrer_limestone/train_from_scratch/n_species=16/depth=32/n_latent=16/val_split=0.50/2023-04-27_21-08-39/vae.ckpt,0.022526025772094727,0.24047619047619048
dummy,16,2,abundance,petrer_limestone,mexico_all,train_from_scratch,0.5,bce,32,16,1,val_loss,min,0.001,64,200,2,20,8,1,False,False,1,Direct transfer from Petrer,840,840,/Users/johannes/work/resecarin/models/bce/val_loss/petrer_limestone/train_from_scratch/n_species=16/depth=32/n_latent=16/val_split=0.50/2023-04-27_20-59-13/vae.ckpt,0.015820324420928955,0.18095238095238095
dummy,16,2,abundance,petrer_limestone,mexico_all,train_from_scratch,0.5,bce,32,16,1,val_loss,min,0.001,64,200,2,20,8,1,False,False,1,Direct transfer from Petrer,840,840,/Users/johannes/work/resecarin/models/bce/val_loss/petrer_limestone/train_from_scratch/n_species=16/depth=32/n_latent=16/val_split=0.50/2023-04-27_21-22-46/vae.ckpt,0.01768970489501953,0.1880952380952381
dummy,16,2,abundance,petrer_limestone,mexico_all,train_from_scratch,0.5,bce,32,16,1,val_loss,min,0.001,64,200,2,20,8,1,False,False,1,Direct transfer from Petrer,840,840,/Users/johannes/work/resecarin/models/bce/val_loss/petrer_limestone/train_from_scratch/n_species=16/depth=32/n_latent=16/val_split=0.50/2023-04-27_21-53-49/vae.ckpt,0.014239192008972168,0.15595238095238095
dummy,16,2,abundance,petrer_limestone,mexico_all,train_from_scratch,0.5,bce,32,16,1,val_loss,min,0.001,64,200,2,20,8,1,False,False,1,Direct transfer from Petrer,840,840,/Users/johannes/work/resecarin/models/bce/val_loss/petrer_limestone/train_from_scratch/n_species=16/depth=32/n_latent=16/val_split=0.50/2023-05-02_16-33-12/vae.ckpt,0.01938241720199585,0.22380952380952382
dummy,16,2,abundance,petrer_limestone,mexico_all,train_from_scratch,0.5,bce,32,16,1,val_loss,min,0.001,64,200,2,20,8,1,False,False,1,Direct transfer from Petrer,840,840,/Users/johannes/work/resecarin/models/bce/val_loss/petrer_limestone/train_from_scratch/n_species=16/depth=32/n_latent=16/val_split=0.50/2023-05-02_17-22-07/vae.ckpt,0.014871656894683838,0.1880952380952381
dummy,16,2,abundance,mexico_all,mexico_all,tune_petrer_limestone,0.5,bce,32,16,1,val_loss,min,0.001,64,200,2,20,8,1,False,False,1,Fine-tuning Petrer model,420,420,/Users/johannes/work/resecarin/models/bce/val_loss/mexico_all/tune_petrer_limestone/n_species=16/depth=32/n_latent=16/val_split=0.50/2023-04-27_20-41-38/vae.ckpt,0.011216521263122559,0.11904761904761904
dummy,16,2,abundance,mexico_all,mexico_all,tune_petrer_limestone,0.5,bce,32,16,1,val_loss,min,0.001,64,200,2,20,8,1,False,False,1,Fine-tuning Petrer model,420,420,/Users/johannes/work/resecarin/models/bce/val_loss/mexico_all/tune_petrer_limestone/n_species=16/depth=32/n_latent=16/val_split=0.50/2023-04-27_20-51-53/vae.ckpt,0.007700920104980469,0.0761904761904762
dummy,16,2,abundance,mexico_all,mexico_all,tune_petrer_limestone,0.5,bce,32,16,1,val_loss,min,0.001,64,200,2,20,8,1,False,False,1,Fine-tuning Petrer model,420,420,/Users/johannes/work/resecarin/models/bce/val_loss/mexico_all/tune_petrer_limestone/n_species=16/depth=32/n_latent=16/val_split=0.50/2023-04-27_21-09-21/vae.ckpt,0.010677099227905273,0.13333333333333333
dummy,16,2,abundance,mexico_all,mexico_all,tune_petrer_limestone,0.5,bce,32,16,1,val_loss,min,0.001,64,200,2,20,8,1,False,False,1,Fine-tuning Petrer model,420,420,/Users/johannes/work/resecarin/models/bce/val_loss/mexico_all/tune_petrer_limestone/n_species=16/depth=32/n_latent=16/val_split=0.50/2023-05-02_17-22-45/vae.ckpt,0.006845235824584961,0.08095238095238096
dummy,16,2,abundance,mexico_all,mexico_all,tune_petrer_limestone,0.5,bce,32,16,1,val_loss,min,0.001,64,200,2,20,8,1,False,False,1,Fine-tuning Petrer model,420,420,/Users/johannes/work/resecarin/models/bce/val_loss/mexico_all/tune_petrer_limestone/n_species=16/depth=32/n_latent=16/val_split=0.50/2023-05-03_09-15-49/vae.ckpt,0.010974705219268799,0.14285714285714285
dummy,16,2,abundance,mexico_all,mexico_all,tune_petrer_limestone,0.5,bce,32,16,1,val_loss,min,0.001,64,200,2,20,8,1,False,False,1,Fine-tuning Petrer model,420,420,/Users/johannes/work/resecarin/models/bce/val_loss/mexico_all/tune_petrer_limestone/n_species=16/depth=32/n_latent=16/val_split=0.50/2023-05-03_09-26-35/vae.ckpt,0.011421144008636475,0.11904761904761904
dummy,16,2,abundance,mexico_all,mexico_all,tune_petrer_limestone,0.5,bce,32,16,1,val_loss,min,0.001,64,200,2,20,8,1,False,False,1,Fine-tuning Petrer model,420,420,/Users/johannes/work/resecarin/models/bce/val_loss/mexico_all/tune_petrer_limestone/n_species=16/depth=32/n_latent=16/val_split=0.50/2023-05-02_17-14-54/vae.ckpt,0.010937511920928955,0.12857142857142856
dummy,16,2,abundance,mexico_all,mexico_all,tune_petrer_limestone,0.5,bce,32,16,1,val_loss,min,0.001,64,200,2,20,8,1,False,False,1,Fine-tuning Petrer model,420,420,/Users/johannes/work/resecarin/models/bce/val_loss/mexico_all/tune_petrer_limestone/n_species=16/depth=32/n_latent=16/val_split=0.50/2023-05-02_15-55-39/vae.ckpt,0.000985860824584961,0.014285714285714285
dummy,16,2,abundance,mexico_all,mexico_all,tune_petrer_limestone,0.5,bce,32,16,1,val_loss,min,0.001,64,200,2,20,8,1,False,False,1,Fine-tuning Petrer model,420,420,/Users/johannes/work/resecarin/models/bce/val_loss/mexico_all/tune_petrer_limestone/n_species=16/depth=32/n_latent=16/val_split=0.50/2023-04-27_20-36-28/vae.ckpt,0.004724681377410889,0.05476190476190476
dummy,16,2,abundance,mexico_all,mexico_all,tune_petrer_limestone,0.5,bce,32,16,1,val_loss,min,0.001,64,200,2,20,8,1,False,False,1,Fine-tuning Petrer model,420,420,/Users/johannes/work/resecarin/models/bce/val_loss/mexico_all/tune_petrer_limestone/n_species=16/depth=32/n_latent=16/val_split=0.50/2023-05-02_17-34-38/vae.ckpt,0.00673365592956543,0.08571428571428572
dummy,16,2,abundance,mexico_all,mexico_all,tune_petrer_limestone,0.5,bce,32,16,1,val_loss,min,0.001,64,200,2,20,8,1,False,False,1,Fine-tuning Petrer model,420,420,/Users/johannes/work/resecarin/models/bce/val_loss/mexico_all/tune_petrer_limestone/n_species=16/depth=32/n_latent=16/val_split=0.50/2023-05-02_16-06-02/vae.ckpt,0.013299822807312012,0.15714285714285714
dummy,16,2,abundance,mexico_all,mexico_all,tune_petrer_limestone,0.5,bce,32,16,1,val_loss,min,0.001,64,200,2,20,8,1,False,False,1,Fine-tuning Petrer model,420,420,/Users/johannes/work/resecarin/models/bce/val_loss/mexico_all/tune_petrer_limestone/n_species=16/depth=32/n_latent=16/val_split=0.50/2023-05-02_17-18-58/vae.ckpt,0.016034245491027832,0.20238095238095238
dummy,16,2,abundance,mexico_all,mexico_all,tune_petrer_limestone,0.5,bce,32,16,1,val_loss,min,0.001,64,200,2,20,8,1,False,False,1,Fine-tuning Petrer model,420,420,/Users/johannes/work/resecarin/models/bce/val_loss/mexico_all/tune_petrer_limestone/n_species=16/depth=32/n_latent=16/val_split=0.50/2023-05-02_16-13-21/vae.ckpt,0.017261922359466553,0.20714285714285716
dummy,16,2,abundance,mexico_all,mexico_all,tune_petrer_limestone,0.5,bce,32,16,1,val_loss,min,0.001,64,200,2,20,8,1,False,False,1,Fine-tuning Petrer model,420,420,/Users/johannes/work/resecarin/models/bce/val_loss/mexico_all/tune_petrer_limestone/n_species=16/depth=32/n_latent=16/val_split=0.50/2023-04-27_20-46-32/vae.ckpt,0.02163320779800415,0.24761904761904763
dummy,16,2,abundance,mexico_all,mexico_all,tune_petrer_limestone,0.5,bce,32,16,1,val_loss,min,0.001,64,200,2,20,8,1,False,False,1,Fine-tuning Petrer model,420,420,/Users/johannes/work/resecarin/models/bce/val_loss/mexico_all/tune_petrer_limestone/n_species=16/depth=32/n_latent=16/val_split=0.50/2023-05-03_09-19-24/vae.ckpt,0.00844496488571167,0.09285714285714286
dummy,16,2,abundance,mexico_all,mexico_all,tune_petrer_limestone,0.5,bce,32,16,1,val_loss,min,0.001,64,200,2,20,8,1,False,False,1,Fine-tuning Petrer model,420,420,/Users/johannes/work/resecarin/models/bce/val_loss/mexico_all/tune_petrer_limestone/n_species=16/depth=32/n_latent=16/val_split=0.50/2023-04-27_20-59-54/vae.ckpt,0.00814729928970337,0.08571428571428572
dummy,16,2,abundance,mexico_all,mexico_all,tune_petrer_limestone,0.5,bce,32,16,1,val_loss,min,0.001,64,200,2,20,8,1,False,False,1,Fine-tuning Petrer model,420,420,/Users/johannes/work/resecarin/models/bce/val_loss/mexico_all/tune_petrer_limestone/n_species=16/depth=32/n_latent=16/val_split=0.50/2023-04-27_20-55-50/vae.ckpt,0.004687488079071045,0.05714285714285714
dummy,16,2,abundance,mexico_all,mexico_all,tune_petrer_limestone,0.5,bce,32,16,1,val_loss,min,0.001,64,200,2,20,8,1,False,False,1,Fine-tuning Petrer model,420,420,/Users/johannes/work/resecarin/models/bce/val_loss/mexico_all/tune_petrer_limestone/n_species=16/depth=32/n_latent=16/val_split=0.50/2023-04-27_21-05-16/vae.ckpt,0.009933054447174072,0.1357142857142857
dummy,16,2,abundance,mexico_all,mexico_all,tune_petrer_limestone,0.5,bce,32,16,1,val_loss,min,0.001,64,200,2,20,8,1,False,False,1,Fine-tuning Petrer model,420,420,/Users/johannes/work/resecarin/models/bce/val_loss/mexico_all/tune_petrer_limestone/n_species=16/depth=32/n_latent=16/val_split=0.50/2023-05-02_17-30-20/vae.ckpt,0.011830329895019531,0.13333333333333333
dummy,16,2,abundance,mexico_all,mexico_all,tune_petrer_limestone,0.5,bce,32,16,1,val_loss,min,0.001,64,200,2,20,8,1,False,False,1,Fine-tuning Petrer model,420,420,/Users/johannes/work/resecarin/models/bce/val_loss/mexico_all/tune_petrer_limestone/n_species=16/depth=32/n_latent=16/val_split=0.50/2023-05-03_09-23-14/vae.ckpt,0.00943082571029663,0.11666666666666667
dummy,16,2,abundance,mexico_all,mexico_all,tune_petrer_limestone,0.5,bce,32,16,1,val_loss,min,0.001,64,200,2,20,8,1,False,False,1,Fine-tuning Petrer model,420,420,/Users/johannes/work/resecarin/models/bce/val_loss/mexico_all/tune_petrer_limestone/n_species=16/depth=32/n_latent=16/val_split=0.50/2023-05-02_16-01-04/vae.ckpt,0.011495530605316162,0.14285714285714285
dummy,16,2,abundance,mexico_all,mexico_all,tune_petrer_limestone,0.5,bce,32,16,1,val_loss,min,0.001,64,200,2,20,8,1,False,False,1,Fine-tuning Petrer model,420,420,/Users/johannes/work/resecarin/models/bce/val_loss/mexico_all/tune_petrer_limestone/n_species=16/depth=32/n_latent=16/val_split=0.50/2023-05-02_17-26-31/vae.ckpt,0.017578125,0.1976190476190476
dummy,16,2,abundance,mexico_all,mexico_all,tune_petrer_limestone,0.5,bce,32,16,1,val_loss,min,0.001,64,200,2,20,8,1,False,False,1,Fine-tuning Petrer model,420,420,/Users/johannes/work/resecarin/models/bce/val_loss/mexico_all/tune_petrer_limestone/n_species=16/depth=32/n_latent=16/val_split=0.50/2023-04-27_21-15-05/vae.ckpt,0.0015624761581420898,0.02619047619047619
dummy,16,2,abundance,mexico_all,mexico_all,tune_petrer_limestone,0.5,bce,32,16,1,val_loss,min,0.001,64,200,2,20,8,1,False,False,1,Fine-tuning Petrer model,420,420,/Users/johannes/work/resecarin/models/bce/val_loss/mexico_all/tune_petrer_limestone/n_species=16/depth=32/n_latent=16/val_split=0.50/2023-04-27_21-19-09/vae.ckpt,0.015662193298339844,0.19285714285714287
